Name	Nodes	Edges	Density	Diameter	Transitivity	Average Clustering
Ruby_Memorial_Hospital	1417	57719	0.05753282378224067	6	0.19650796243208132	0.501899954126093
UCF_Lake_Nona_Medical_Center	400	8477	0.1062280701754386	5	0.553218248886094	0.4082591974117117
VUMC	367	2863	0.042628906657137325	4	0.2254069071033851	0.38916524158426974
Western_Health	618	4447	0.02332509847733841	4	0.2514480521629762	0.6015714302303071
Yale_New_Haven_Hospital	1841	38664	0.022827858205606594	6	0.4788123484955851	0.34091441260450656
